Status;Código;Produto;Plano;Valor;Adesão;Cancelamento;Pais
Ativo;WHVJBDXB;Complete Course | Power BI eXperience (Subscription);1 Month Plan;25;16/06/2021 16:58;;Brasil
Cancelada pelo cliente;QJ4QHCKA;Complete Course | Power BI eXperience (Subscription);1 Month Plan;25;17/06/2021 13:50;28/08/2021 13:50;Espanha
Ativo;PZGUA4KJ;Complete Course | Power BI eXperience (Subscription);1 Month Plan;25;17/06/2021 14:11;;Índia
Ativo;0RRUOXMZ;Complete Course | Power BI eXperience (Subscription);1 Month Plan;25;17/06/2021 14:29;;Índia
Ativo;U21SW4XI;Complete Course | Power BI eXperience (Subscription);1 Month Plan;25;17/06/2021 15:48;;Paquistão
Ativo;PTEFBGIU;Complete Course | Power BI eXperience (Subscription);1 Month Plan;25;17/06/2021 16:01;;Índia
Ativo;2F948SI1;Complete Course | Power BI eXperience (Subscription);1 Month Plan;25;17/06/2021 16:06;;Estados Unidos
Ativo;NGQS9MC0;Complete Course | Power BI eXperience (Subscription);1 Month Plan;25;17/06/2021 17:37;;Austrália
Cancelada pelo cliente;ZELPWSTS;Complete Course | Power BI eXperience (Subscription);1 Month Plan;25;17/06/2021 17:41;28/08/2021 17:41;Brasil
Ativo;NXQ033HH;Complete Course | Power BI eXperience (Subscription);1 Month Plan;25;17/06/2021 18:46;;Reino Unido
Ativo;VQGF5Z1G;Complete Course | Power BI eXperience (Subscription);1 Month Plan;25;17/06/2021 19:07;;Suíça
Ativo;IGOE89XL;Complete Course | Power BI eXperience (Subscription);1 Month Plan;25;17/06/2021 19:36;;Estados Unidos
Ativo;HNPZYMZL;Complete Course | Power BI eXperience (Subscription);1 Month Plan;25;17/06/2021 22:44;;Índia
Ativo;IQIW4S49;Complete Course | Power BI eXperience (Subscription);1 Month Plan;25;18/06/2021 00:46;;Reino Unido
Cancelada pelo cliente;VVEDD4OV;Complete Course | Power BI eXperience (Subscription);1 Month Plan;25;18/06/2021 01:48;15/09/2021 14:46;Índia
Ativo;5XXFK3MX;Complete Course | Power BI eXperience (Subscription);1 Month Plan;25;18/06/2021 01:53;;Sri Lanka
Ativo;C2DUVRF8;Complete Course | Power BI eXperience (Subscription);1 Month Plan;25;18/06/2021 01:55;;Arábia Saudita
Ativo;IKXAV51A;Complete Course | Power BI eXperience (Subscription);1 Month Plan;25;18/06/2021 01:57;;Índia
Ativo;YZ69AHU5;Complete Course | Power BI eXperience (Subscription);1 Month Plan;25;18/06/2021 02:36;;Paquistão
Ativo;F4W3SA14;Complete Course | Power BI eXperience (Subscription);1 Month Plan;25;18/06/2021 03:44;;Índia
Ativo;HHQXUCIJ;Complete Course | Power BI eXperience (Subscription);1 Month Plan;25;18/06/2021 07:52;;Quénia
Ativo;H0328WMA;Complete Course | Power BI eXperience (Subscription);1 Month Plan;25;18/06/2021 08:06;;Estados Unidos
Cancelada pelo cliente;UZ21N44V;Complete Course | Power BI eXperience (Subscription);1 Month Plan;25;18/06/2021 11:04;20/07/2021 05:17;Estados Unidos
Ativo;5APHKKDO;Complete Course | Power BI eXperience (Subscription);1 Month Plan;25;18/06/2021 11:51;;Índia
Ativo;PC5PWVNX;Complete Course | Power BI eXperience (Subscription);1 Month Plan;25;18/06/2021 12:14;;Paquistão
Ativo;7D57R3KO;Complete Course | Power BI eXperience (Subscription);1 Month Plan;25;18/06/2021 12:45;;Índia
Ativo;6L2UI8SU;Complete Course | Power BI eXperience (Subscription);1 Month Plan;25;18/06/2021 13:11;;Índia
Cancelada pelo cliente;86HPSU9R;Complete Course | Power BI eXperience (Subscription);1 Month Plan;25;18/06/2021 13:20;29/08/2021 13:20;Sri Lanka
Ativo;4OV9OJHT;Complete Course | Power BI eXperience (Subscription);1 Month Plan;25;18/06/2021 13:30;;Estados Unidos
Ativo;ZK9LDYVJ;Complete Course | Power BI eXperience (Subscription);3 Month Plan;57;18/06/2021 19:35;;Índia
Ativo;ANT9D0H2;Complete Course | Power BI eXperience (Subscription);1 Month Plan;25;19/06/2021 02:47;;Bulgária
Cancelada pelo cliente;8X7722UL;Complete Course | Power BI eXperience (Subscription);1 Month Plan;25;19/06/2021 03:42;30/08/2021 03:42;Jordânia
Ativo;ANA10TQZ;Complete Course | Power BI eXperience (Subscription);1 Month Plan;25;19/06/2021 03:48;;Índia
Ativo;GSCNB7WT;Complete Course | Power BI eXperience (Subscription);1 Month Plan;25;19/06/2021 03:55;;Espanha
Ativo;M1PKJJHN;Complete Course | Power BI eXperience (Subscription);1 Month Plan;25;19/06/2021 05:34;;Camarões
Ativo;9HYGNB4A;Complete Course | Power BI eXperience (Subscription);1 Month Plan;25;19/06/2021 11:20;;Quénia
Ativo;O8SPRS6M;Complete Course | Power BI eXperience (Subscription);1 Month Plan;25;19/06/2021 12:47;;Índia
Cancelada pelo cliente;VA19UDG6;Complete Course | Power BI eXperience (Subscription);1 Month Plan;25;19/06/2021 13:40;10/07/2021 22:32;Índia
Ativo;S9TXJEM4;Complete Course | Power BI eXperience (Subscription);1 Month Plan;25;19/06/2021 13:57;;Nigéria
Ativo;LQRB7YNH;Complete Course | Power BI eXperience (Subscription);1 Month Plan;25;19/06/2021 18:05;;Reino Unido
Ativo;HWSPJNPS;Complete Course | Power BI eXperience (Subscription);1 Month Plan;25;19/06/2021 23:06;;Índia
Ativo;RX6MRFJ0;Complete Course | Power BI eXperience (Subscription);1 Month Plan;25;20/06/2021 00:05;;Equador
Ativo;JT8LQXSD;Complete Course | Power BI eXperience (Subscription);1 Month Plan;25;20/06/2021 00:08;;Paquistão
Ativo;LPG9NKQZ;Complete Course | Power BI eXperience (Subscription);1 Month Plan;25;20/06/2021 00:49;;Paquistão
Ativo;4Z44M65O;Complete Course | Power BI eXperience (Subscription);1 Month Plan;25;20/06/2021 00:55;;Índia
Ativo;KPZN8WYU;Complete Course | Power BI eXperience (Subscription);1 Month Plan;25;20/06/2021 01:26;;Índia
Ativo;XSZN381T;Complete Course | Power BI eXperience (Subscription);1 Month Plan;25;20/06/2021 03:33;;Itália
Ativo;FLDCO664;Complete Course | Power BI eXperience (Subscription);1 Month Plan;25;20/06/2021 03:37;;Estados Unidos
Cancelada pelo cliente;ASJ2U7UT;Complete Course | Power BI eXperience (Subscription);1 Month Plan;25;20/06/2021 03:52;31/08/2021 03:52;Índia
Ativo;PJW3CRYQ;Complete Course | Power BI eXperience (Subscription);1 Month Plan;25;20/06/2021 05:09;;Bulgária
Ativo;4PX2REHC;Complete Course | Power BI eXperience (Subscription);1 Month Plan;25;20/06/2021 05:09;;Mongólia
Ativo;AVWPCJK2;Complete Course | Power BI eXperience (Subscription);1 Month Plan;25;20/06/2021 05:37;;Reino Unido
Ativo;VRSK5JK7;Complete Course | Power BI eXperience (Subscription);1 Month Plan;25;20/06/2021 06:03;;Itália
Ativo;4MN2UWY0;Complete Course | Power BI eXperience (Subscription);1 Month Plan;25;20/06/2021 07:54;;Índia
Cancelada pelo cliente;BACZ0RQF;Complete Course | Power BI eXperience (Subscription);1 Month Plan;25;20/06/2021 07:55;31/08/2021 07:55;Hungria
Ativo;9GLTJZTH;Complete Course | Power BI eXperience (Subscription);1 Month Plan;25;20/06/2021 08:00;;Paquistão
Ativo;7WZUKJ48;Complete Course | Power BI eXperience (Subscription);1 Month Plan;25;20/06/2021 10:13;;Quénia
Ativo;KDI853XP;Complete Course | Power BI eXperience (Subscription);1 Month Plan;25;20/06/2021 11:24;;Índia
Ativo;S623BR96;Complete Course | Power BI eXperience (Subscription);1 Month Plan;25;20/06/2021 11:57;;Estados Unidos
Ativo;NN9YJYTK;Complete Course | Power BI eXperience (Subscription);1 Month Plan;25;20/06/2021 12:26;;Sri Lanka
Ativo;UM0TCO8B;Complete Course | Power BI eXperience (Subscription);1 Month Plan;25;20/06/2021 12:31;;Índia
Cancelada pelo cliente;SMJLHN6E;Complete Course | Power BI eXperience (Subscription);1 Month Plan;25;20/06/2021 13:10;31/08/2021 13:10;Sri Lanka
Ativo;UAFPCOZ7;Complete Course | Power BI eXperience (Subscription);1 Month Plan;25;20/06/2021 15:53;;Suécia
Ativo;KF75HCJV;Complete Course | Power BI eXperience (Subscription);1 Month Plan;25;20/06/2021 16:21;;Uganda
Ativo;6WWAU331;Complete Course | Power BI eXperience (Subscription);1 Month Plan;25;20/06/2021 23:19;;Índia
Ativo;LPR0LILR;Complete Course | Power BI eXperience (Subscription);3 Month Plan;57;21/06/2021 01:31;;Índia
Ativo;D2Q9AFGT;Complete Course | Power BI eXperience (Subscription);1 Month Plan;25;21/06/2021 02:27;;Índia
Ativo;HTTXVNF8;Complete Course | Power BI eXperience (Subscription);1 Month Plan;25;21/06/2021 02:51;;Nigéria
Ativo;AHCW6QK0;Complete Course | Power BI eXperience (Subscription);1 Month Plan;25;21/06/2021 02:56;;Paquistão
Ativo;D4D4OC23;Complete Course | Power BI eXperience (Subscription);1 Month Plan;25;21/06/2021 03:30;;Maurícia
Ativo;BT152DH1;Complete Course | Power BI eXperience (Subscription);1 Month Plan;25;21/06/2021 05:13;;Índia
Ativo;3GXFM3JG;Complete Course | Power BI eXperience (Subscription);1 Month Plan;25;21/06/2021 06:35;;Estados Unidos
Ativo;CRA5MSQA;Complete Course | Power BI eXperience (Subscription);1 Month Plan;25;21/06/2021 07:17;;Egito
Ativo;TKHC4JMM;Complete Course | Power BI eXperience (Subscription);1 Month Plan;25;21/06/2021 08:42;;Costa do Marfim
Cancelada pelo cliente;UGCATG25;Complete Course | Power BI eXperience (Subscription);3 Month Plan;57;21/06/2021 10:43;01/09/2021 10:43;Paquistão
Ativo;NB23IHQN;Complete Course | Power BI eXperience (Subscription);3 Month Plan;57;21/06/2021 10:57;;França
Ativo;7GD28AWH;Complete Course | Power BI eXperience (Subscription);1 Month Plan;25;21/06/2021 10:57;;Estados Unidos
Ativo;NS6KMAXA;Complete Course | Power BI eXperience (Subscription);3 Month Plan;57;21/06/2021 11:30;;Índia
Ativo;O8M9BPPT;Complete Course | Power BI eXperience (Subscription);1 Month Plan;25;21/06/2021 11:40;;Estados Unidos
Ativo;X5SQXP00;Complete Course | Power BI eXperience (Subscription);1 Month Plan;25;21/06/2021 13:00;;Índia
Ativo;CLH2W82G;Complete Course | Power BI eXperience (Subscription);3 Month Plan;57;21/06/2021 13:02;;Índia
Ativo;HRKKAMN8;Complete Course | Power BI eXperience (Subscription);1 Month Plan;25;21/06/2021 13:16;;Índia
Ativo;VZQIKA9S;Complete Course | Power BI eXperience (Subscription);1 Month Plan;25;21/06/2021 14:23;;Malta
Ativo;DNH3D8H6;Complete Course | Power BI eXperience (Subscription);3 Month Plan;57;21/06/2021 14:48;;Omã
Ativo;T0T6AMEP;Complete Course | Power BI eXperience (Subscription);1 Month Plan;25;21/06/2021 14:56;;Índia
Ativo;DGDCZ3UV;Complete Course | Power BI eXperience (Subscription);3 Month Plan;57;21/06/2021 15:02;;Azerbaijão
Ativo;KMI8YVYP;Complete Course | Power BI eXperience (Subscription);1 Month Plan;25;21/06/2021 15:31;;Filipinas
Ativo;AVM1S10J;Complete Course | Power BI eXperience (Subscription);3 Month Plan;57;21/06/2021 16:19;;Israel
Ativo;YB33IJE8;Complete Course | Power BI eXperience (Subscription);1 Month Plan;25;21/06/2021 16:22;;Índia
Ativo;ICED87QJ;Complete Course | Power BI eXperience (Subscription);3 Month Plan;57;21/06/2021 16:56;;Polônia
Ativo;UV1EYIB2;Complete Course | Power BI eXperience (Subscription);3 Month Plan;57;21/06/2021 18:18;;África do Sul
Ativo;T5T53RCT;Complete Course | Power BI eXperience (Subscription);1 Month Plan;25;21/06/2021 21:35;;Estados Unidos
Ativo;5BP6J175;Complete Course | Power BI eXperience (Subscription);1 Month Plan;25;21/06/2021 22:07;;Estados Unidos
Ativo;V7M0HAU5;Complete Course | Power BI eXperience (Subscription);3 Month Plan;57;21/06/2021 22:59;;Índia
Cancelada pelo cliente;X07D75CM;Complete Course | Power BI eXperience (Subscription);3 Month Plan;57;21/06/2021 23:33;01/09/2021 23:33;Índia
Ativo;AVRAAIHW;Complete Course | Power BI eXperience (Subscription);3 Month Plan;57;21/06/2021 23:39;;Índia
Ativo;3VUQNYHH;Complete Course | Power BI eXperience (Subscription);3 Month Plan;57;21/06/2021 23:39;;Filipinas
Ativo;5RTNY6CH;Complete Course | Power BI eXperience (Subscription);3 Month Plan;57;21/06/2021 23:53;;Estados Unidos
Ativo;W45GYJUV;Complete Course | Power BI eXperience (Subscription);1 Month Plan;25;21/06/2021 23:56;;Brasil
Ativo;J5543948;Complete Course | Power BI eXperience (Subscription);3 Month Plan;57;22/06/2021 00:25;;Egito
Cancelada pelo cliente;58EKUZ6V;Complete Course | Power BI eXperience (Subscription);3 Month Plan;57;22/06/2021 01:10;02/09/2021 01:10;Canadá
Ativo;7K5NWP5O;Complete Course | Power BI eXperience (Subscription);1 Month Plan;25;22/06/2021 01:14;;Índia
Ativo;689K5I5C;Complete Course | Power BI eXperience (Subscription);3 Month Plan;57;22/06/2021 01:25;;Índia
Ativo;YEV3ELDN;Complete Course | Power BI eXperience (Subscription);3 Month Plan;57;22/06/2021 01:51;;Canadá
Ativo;4D5YDPIH;Complete Course | Power BI eXperience (Subscription);1 Month Plan;25;22/06/2021 01:53;;Índia
Ativo;3JS20SJY;Complete Course | Power BI eXperience (Subscription);1 Month Plan;25;22/06/2021 03:02;;Índia
Cancelada pelo cliente;87Q4301V;Complete Course | Power BI eXperience (Subscription);3 Month Plan;57;22/06/2021 04:00;02/09/2021 04:00;Índia
Ativo;0X4XY4NM;Complete Course | Power BI eXperience (Subscription);1 Month Plan;25;22/06/2021 04:14;;Uganda
Ativo;BHEYBUBK;Complete Course | Power BI eXperience (Subscription);3 Month Plan;57;22/06/2021 04:38;;Índia
Ativo;08RQTFEB;Complete Course | Power BI eXperience (Subscription);3 Month Plan;57;22/06/2021 04:54;;Estados Unidos
Ativo;9MZOZ965;Complete Course | Power BI eXperience (Subscription);1 Month Plan;25;22/06/2021 05:16;;Nigéria
Ativo;OKE9HY6O;Complete Course | Power BI eXperience (Subscription);1 Month Plan;25;22/06/2021 05:18;;Quénia
Ativo;MANYJR1B;Complete Course | Power BI eXperience (Subscription);1 Month Plan;25;22/06/2021 05:56;;Índia
Ativo;XCVG5OCQ;Complete Course | Power BI eXperience (Subscription);3 Month Plan;57;22/06/2021 06:05;;Índia
Ativo;4V5E8ASP;Complete Course | Power BI eXperience (Subscription);3 Month Plan;57;22/06/2021 06:21;;Sérvia
Cancelada pelo cliente;EUL7VRBR;Complete Course | Power BI eXperience (Subscription);1 Month Plan;25;22/06/2021 06:23;02/09/2021 06:23;Polônia
Ativo;X51GWYOD;Complete Course | Power BI eXperience (Subscription);1 Month Plan;25;22/06/2021 07:10;;Estados Unidos
Ativo;FJZ6BF0J;Complete Course | Power BI eXperience (Subscription);1 Month Plan;25;22/06/2021 07:26;;Índia
Ativo;7MQPM3AS;Complete Course | Power BI eXperience (Subscription);3 Month Plan;57;22/06/2021 07:30;;Polônia
Ativo;JDBJNDOT;Complete Course | Power BI eXperience (Subscription);3 Month Plan;57;22/06/2021 07:42;;Austrália
Ativo;KJ8BPNNU;Complete Course | Power BI eXperience (Subscription);1 Month Plan;25;22/06/2021 07:45;;Sérvia
Ativo;JHY10QUI;Complete Course | Power BI eXperience (Subscription);3 Month Plan;57;22/06/2021 07:53;;Kuwait
Ativo;RBD0C5F9;Complete Course | Power BI eXperience (Subscription);3 Month Plan;57;22/06/2021 07:59;;França
Cancelada pelo cliente;VZZYGPLP;Complete Course | Power BI eXperience (Subscription);1 Month Plan;25;22/06/2021 08:01;10/08/2021 06:39;Taiwan
Ativo;JFS4JH7H;Complete Course | Power BI eXperience (Subscription);1 Month Plan;25;22/06/2021 08:17;;Índia
Ativo;QE4OC9W2;Complete Course | Power BI eXperience (Subscription);3 Month Plan;57;22/06/2021 08:22;;Canadá
Ativo;OHXTO0TV;Complete Course | Power BI eXperience (Subscription);3 Month Plan;57;22/06/2021 09:32;;Estados Unidos
Ativo;AP3ZESFS;Complete Course | Power BI eXperience (Subscription);1 Month Plan;25;22/06/2021 10:06;;Romênia
Ativo;13V7NGSZ;Complete Course | Power BI eXperience (Subscription);1 Month Plan;25;22/06/2021 10:18;;Índia
Cancelada pelo cliente;V16NFN52;Complete Course | Power BI eXperience (Subscription);1 Month Plan;25;22/06/2021 10:58;18/07/2021 16:13;Colômbia
Ativo;49S70TX8;Complete Course | Power BI eXperience (Subscription);3 Month Plan;57;22/06/2021 11:21;;Índia
Ativo;H95UW0IY;Complete Course | Power BI eXperience (Subscription);1 Month Plan;25;22/06/2021 11:28;;Índia
Ativo;OQP4ETIG;Complete Course | Power BI eXperience (Subscription);1 Month Plan;25;22/06/2021 11:57;;Índia
Ativo;C66T62M4;Complete Course | Power BI eXperience (Subscription);1 Month Plan;25;22/06/2021 12:05;;África do Sul
Ativo;GG4TV7WP;Complete Course | Power BI eXperience (Subscription);3 Month Plan;57;22/06/2021 12:29;;Índia
Cancelada pelo cliente;1SMPKXDS;Complete Course | Power BI eXperience (Subscription);1 Month Plan;25;22/06/2021 12:57;02/09/2021 12:57;Reino Unido
Ativo;FMI1T1EY;Complete Course | Power BI eXperience (Subscription);1 Month Plan;25;22/06/2021 13:00;;Bolívia
Ativo;C5OUW3R3;Complete Course | Power BI eXperience (Subscription);1 Month Plan;25;22/06/2021 13:11;;Índia
Ativo;XY642P3W;Complete Course | Power BI eXperience (Subscription);1 Month Plan;25;22/06/2021 13:17;;Índia
Ativo;EEXVF8PE;Complete Course | Power BI eXperience (Subscription);3 Month Plan;57;22/06/2021 13:40;;Índia
Ativo;FOYFLN2I;Complete Course | Power BI eXperience (Subscription);1 Month Plan;25;22/06/2021 13:44;;Polônia
Ativo;M3JVMXMJ;Complete Course | Power BI eXperience (Subscription);1 Month Plan;25;22/06/2021 14:09;;Brasil
Ativo;QECPQMPR;Complete Course | Power BI eXperience (Subscription);1 Month Plan;25;22/06/2021 14:13;;Índia
Ativo;GNNGZQIB;Complete Course | Power BI eXperience (Subscription);3 Month Plan;57;22/06/2021 14:29;;Ilhas Menores Distantes dos Estados Unidos
Ativo;K2ZF32HH;Complete Course | Power BI eXperience (Subscription);1 Month Plan;25;22/06/2021 14:34;;Índia
Cancelada pelo cliente;VVIALPY9;Complete Course | Power BI eXperience (Subscription);1 Month Plan;25;22/06/2021 14:38;21/08/2021 07:52;Índia
Ativo;0GLZ6EJQ;Complete Course | Power BI eXperience (Subscription);1 Month Plan;25;22/06/2021 15:08;;Paquistão
Ativo;QLTGGXXQ;Complete Course | Power BI eXperience (Subscription);1 Month Plan;25;22/06/2021 15:24;;Alemanha
Ativo;CXHFF0G7;Complete Course | Power BI eXperience (Subscription);3 Month Plan;57;22/06/2021 15:26;;França
Ativo;85LX9UX3;Complete Course | Power BI eXperience (Subscription);3 Month Plan;57;22/06/2021 15:43;;Estados Unidos
Ativo;80E2W7NY;Complete Course | Power BI eXperience (Subscription);1 Month Plan;25;22/06/2021 16:11;;Arábia Saudita
Cancelada pelo cliente;V27AZZWK;Complete Course | Power BI eXperience (Subscription);1 Month Plan;25;22/06/2021 16:25;23/07/2021 06:48;Ucrânia
Ativo;PQJL92PV;Complete Course | Power BI eXperience (Subscription);3 Month Plan;57;22/06/2021 17:28;;Arábia Saudita
Ativo;ST6ESLFH;Complete Course | Power BI eXperience (Subscription);3 Month Plan;57;22/06/2021 17:43;;Colômbia
Ativo;XZ3TMPCM;Complete Course | Power BI eXperience (Subscription);1 Month Plan;25;22/06/2021 17:44;;Estados Unidos
Ativo;0GLOCMDB;Complete Course | Power BI eXperience (Subscription);1 Month Plan;25;22/06/2021 18:01;;Canadá
Ativo;KYJYI0US;Complete Course | Power BI eXperience (Subscription);3 Month Plan;57;22/06/2021 18:19;;Alemanha
Ativo;VHJ5OCR8;Complete Course | Power BI eXperience (Subscription);1 Month Plan;25;22/06/2021 18:25;;África do Sul
Ativo;GUH6NLTW;Complete Course | Power BI eXperience (Subscription);1 Month Plan;25;22/06/2021 18:26;;Holanda
Ativo;LWUYW3JE;Complete Course | Power BI eXperience (Subscription);1 Month Plan;25;22/06/2021 18:56;;Canadá
Ativo;9TZXBFO3;Complete Course | Power BI eXperience (Subscription);1 Month Plan;25;22/06/2021 19:31;;Emirados Árabes Unidos
Ativo;ESOA2LO2;Complete Course | Power BI eXperience (Subscription);3 Month Plan;57;22/06/2021 20:05;;Estados Unidos
Ativo;RU4TCPCV;Complete Course | Power BI eXperience (Subscription);3 Month Plan;57;22/06/2021 20:06;;Nigéria
Ativo;XPAVF0GX;Complete Course | Power BI eXperience (Subscription);3 Month Plan;57;22/06/2021 20:22;;Índia
Cancelada pelo cliente;QAVBE9XV;Complete Course | Power BI eXperience (Subscription);1 Month Plan;25;22/06/2021 20:29;02/09/2021 20:29;Egito
Ativo;1JK6W5YH;Complete Course | Power BI eXperience (Subscription);3 Month Plan;57;22/06/2021 20:33;;Indonésia
Ativo;2YYB5LVE;Complete Course | Power BI eXperience (Subscription);3 Month Plan;57;22/06/2021 20:47;;Canadá
Ativo;BAXX1UKQ;Complete Course | Power BI eXperience (Subscription);1 Month Plan;25;22/06/2021 21:04;;Índia
Ativo;5AQ94IUM;Complete Course | Power BI eXperience (Subscription);3 Month Plan;57;22/06/2021 23:10;;México
Ativo;GBW6YL0K;Complete Course | Power BI eXperience (Subscription);1 Month Plan;25;23/06/2021 02:15;;Nigéria
Ativo;GOPV0F7R;Complete Course | Power BI eXperience (Subscription);1 Month Plan;25;23/06/2021 06:51;;Índia
Ativo;PX57IXV6;Complete Course | Power BI eXperience (Subscription);1 Month Plan;25;23/06/2021 12:10;;Filipinas
Ativo;4F61RC2Z;Complete Course | Power BI eXperience (Subscription);3 Month Plan;57;23/06/2021 13:57;;Índia
Ativo;696K3HC0;Complete Course | Power BI eXperience (Subscription);1 Month Plan;25;24/06/2021 03:15;;Índia
Ativo;HZ3XHWTK;Complete Course | Power BI eXperience (Subscription);1 Month Plan;25;24/06/2021 03:47;;Singapore
Ativo;JN5ULP5R;Complete Course | Power BI eXperience (Subscription);1 Month Plan;25;24/06/2021 06:14;;Rússia
Ativo;46FL6S58;Complete Course | Power BI eXperience (Subscription);3 Month Plan;57;24/06/2021 07:51;;Alemanha
Ativo;EB1WZNUS;Complete Course | Power BI eXperience (Subscription);1 Month Plan;25;24/06/2021 11:30;;Itália
Ativo;WZGBTJ6B;Complete Course | Power BI eXperience (Subscription);3 Month Plan;57;24/06/2021 12:11;;Índia
Ativo;EH2NV1BN;Complete Course | Power BI eXperience (Subscription);1 Month Plan;25;24/06/2021 14:43;;Índia
Cancelada pelo cliente;W7EVXQWA;Complete Course | Power BI eXperience (Subscription);1 Month Plan;25;24/06/2021 15:19;04/09/2021 15:19;México
Ativo;UQWEKVT9;Complete Course | Power BI eXperience (Subscription);3 Month Plan;57;24/06/2021 18:29;;Polônia
Ativo;264X4I9N;Complete Course | Power BI eXperience (Subscription);1 Month Plan;25;25/06/2021 02:32;;Índia
Ativo;QBX1I4NV;Complete Course | Power BI eXperience (Subscription);1 Month Plan;25;25/06/2021 06:59;;Índia
Ativo;EHF1TZJ8;Complete Course | Power BI eXperience (Subscription);1 Month Plan;25;25/06/2021 07:10;;Gana
Ativo;HSR2V63I;Complete Course | Power BI eXperience (Subscription);3 Month Plan;57;25/06/2021 11:36;;Paquistão
Ativo;N4NBFVGT;Complete Course | Power BI eXperience (Subscription);3 Month Plan;57;25/06/2021 13:21;;Canadá
Ativo;6FWRWWTK;Complete Course | Power BI eXperience (Subscription);1 Month Plan;25;25/06/2021 16:32;;Arábia Saudita
Ativo;XI0X6936;Complete Course | Power BI eXperience (Subscription);3 Month Plan;57;25/06/2021 16:36;;Canadá
Ativo;7XYRBVHE;Complete Course | Power BI eXperience (Subscription);3 Month Plan;57;25/06/2021 16:41;;Dinamarca
Ativo;DIR2C78V;Complete Course | Power BI eXperience (Subscription);3 Month Plan;57;25/06/2021 19:24;;Índia
Ativo;GUNPALWD;Complete Course | Power BI eXperience (Subscription);1 Month Plan;25;25/06/2021 20:26;;Brasil
Ativo;2OVUOUB7;Complete Course | Power BI eXperience (Subscription);1 Month Plan;25;25/06/2021 22:35;;Peru
Ativo;5T7VF80S;Complete Course | Power BI eXperience (Subscription);1 Month Plan;25;26/06/2021 04:43;;Rússia
Ativo;XV8F3NIJ;Complete Course | Power BI eXperience (Subscription);1 Month Plan;25;26/06/2021 06:29;;Portugal
Ativo;HMXA7JL4;Complete Course | Power BI eXperience (Subscription);3 Month Plan;57;26/06/2021 11:56;;Estados Unidos
Cancelada pelo cliente;AQXG8Q2H;Complete Course | Power BI eXperience (Subscription);3 Month Plan;57;26/06/2021 22:54;06/09/2021 22:54;Estados Unidos
Ativo;27GZP3D2;Complete Course | Power BI eXperience (Subscription);3 Month Plan;57;28/06/2021 08:54;;Malásia
Cancelada pelo cliente;V6A7IKD9;Complete Course | Power BI eXperience (Subscription);1 Month Plan;25;28/06/2021 16:11;28/08/2021 15:17;França
Ativo;2ZCT70DG;Complete Course | Power BI eXperience (Subscription);1 Month Plan;25;28/06/2021 17:54;;Estados Unidos
Ativo;DDBEV1I1;Complete Course | Power BI eXperience (Subscription);1 Month Plan;25;29/06/2021 03:21;;Índia
Ativo;58MLZCEF;Complete Course | Power BI eXperience (Subscription);3 Month Plan;57;01/07/2021 15:19;;Estados Unidos
Ativo;JO2ZDWHN;Complete Course | Power BI eXperience (Subscription);1 Month Plan;25;03/07/2021 01:40;;Índia
Ativo;G8S2027P;Complete Course | Power BI eXperience (Subscription);3 Month Plan;57;07/07/2021 02:21;;Canadá
Cancelada pelo cliente;UXXP6CF3;Complete Course | Power BI eXperience (Subscription);1 Month Plan;25;08/07/2021 05:50;08/08/2021 13:35;Paquistão
Ativo;CP0Z4F0N;Complete Course | Power BI eXperience (Subscription);3 Month Plan;57;08/07/2021 09:00;;Reino Unido
Ativo;PMNIS31O;Complete Course | Power BI eXperience (Subscription);1 Month Plan;25;08/07/2021 09:32;;Índia
Ativo;H7WR0FKN;Complete Course | Power BI eXperience (Subscription);1 Month Plan;25;09/07/2021 01:54;;Índia
Ativo;B0SPT2T5;Complete Course | Power BI eXperience (Subscription);3 Month Plan;57;09/07/2021 05:54;;Índia
Cancelada pelo cliente;V3CK1KE6;Complete Course | Power BI eXperience (Subscription);3 Month Plan;57;09/07/2021 14:44;16/09/2021 14:53;Índia
Ativo;KO66NT3C;Complete Course | Power BI eXperience (Subscription);1 Month Plan;25;10/07/2021 03:42;;Indonésia
Ativo;TBDPPZBJ;Complete Course | Power BI eXperience (Subscription);1 Month Plan;25;12/07/2021 07:59;;Índia
Ativo;HTHQI81Q;Complete Course | Power BI eXperience (Subscription);1 Month Plan;25;13/07/2021 02:50;;Índia
Ativo;ZEUYK0K0;Complete Course | Power BI eXperience (Subscription);1 Month Plan;25;14/07/2021 02:50;;Estados Unidos
Ativo;IGKPPC46;Complete Course | Power BI eXperience (Subscription);1 Month Plan;25;14/07/2021 13:13;;Reino Unido
Ativo;T6OJFXBP;Complete Course | Power BI eXperience (Subscription);1 Month Plan;25;15/07/2021 02:25;;Índia
Ativo;AZN8YXLE;Complete Course | Power BI eXperience (Subscription);1 Month Plan;25;15/07/2021 11:40;;Índia
Ativo;RMCQKIHW;Complete Course | Power BI eXperience (Subscription);1 Month Plan;25;16/07/2021 03:49;;Índia
Ativo;38OC839X;Complete Course | Power BI eXperience (Subscription);3 Month Plan;57;16/07/2021 05:55;;Jordânia
Ativo;8GAVCY20;Complete Course | Power BI eXperience (Subscription);3 Month Plan;57;17/07/2021 14:26;;Canadá
Ativo;CLML43QB;Complete Course | Power BI eXperience (Subscription);3 Month Plan;57;18/07/2021 17:52;;França
Ativo;3TPMWLJ7;Complete Course | Power BI eXperience (Subscription);1 Month Plan;25;19/07/2021 11:20;;Índia
Ativo;UN8FSFLI;Complete Course | Power BI eXperience (Subscription);1 Month Plan;25;19/07/2021 12:04;;Grécia
Ativo;WS6TGL3Y;Complete Course | Power BI eXperience (Subscription);1 Month Plan;25;20/07/2021 06:02;;França
Ativo;XMSA5P34;Complete Course | Power BI eXperience (Subscription);1 Month Plan;25;20/07/2021 06:20;;Índia
Ativo;TCILO4RF;Complete Course | Power BI eXperience (Subscription);1 Month Plan;25;20/07/2021 10:11;;Estados Unidos
Ativo;YLZJRCHR;Complete Course | Power BI eXperience (Subscription);1 Month Plan;25;20/07/2021 12:04;;Zâmbia
Ativo;3IQBIAE8;Complete Course | Power BI eXperience (Subscription);3 Month Plan;57;20/07/2021 17:08;;Estados Unidos
Ativo;HPWTPW4B;Complete Course | Power BI eXperience (Subscription);1 Month Plan;25;21/07/2021 03:53;;Índia
Ativo;W5QLU34W;Complete Course | Power BI eXperience (Subscription);1 Month Plan;25;21/07/2021 10:23;;Canadá
Cancelada pelo cliente;VPK4CU5G;Complete Course | Power BI eXperience (Subscription);1 Month Plan;25;22/07/2021 00:10;07/09/2021 02:17;Estados Unidos
Ativo;KOLBEE0K;Complete Course | Power BI eXperience (Subscription);3 Month Plan;57;23/07/2021 07:25;;Bélgica
Ativo;TYMN4OUY;Complete Course | Power BI eXperience (Subscription);1 Month Plan;25;23/07/2021 16:00;;Reino Unido
Ativo;L20G0FIJ;Complete Course | Power BI eXperience (Subscription);1 Month Plan;25;24/07/2021 16:19;;Índia
Ativo;BK4JQ7KP;Complete Course | Power BI eXperience (Subscription);1 Month Plan;25;25/07/2021 17:19;;Canadá
Ativo;SUEW2X1S;Complete Course | Power BI eXperience (Subscription);3 Month Plan;57;25/07/2021 22:18;;Estados Unidos
Ativo;HJZT1JAK;Complete Course | Power BI eXperience (Subscription);1 Month Plan;25;25/07/2021 23:06;;Índia
Ativo;NXJ76CTA;Complete Course | Power BI eXperience (Subscription);1 Month Plan;25;26/07/2021 06:02;;Arábia Saudita
Ativo;8AVDQRT0;Complete Course | Power BI eXperience (Subscription);1 Month Plan;25;26/07/2021 07:01;;Hong Kong
Ativo;3PN9I0ZB;Complete Course | Power BI eXperience (Subscription);1 Month Plan;25;27/07/2021 23:49;;Estados Unidos
Ativo;2D40TKRR;Complete Course | Power BI eXperience (Subscription);1 Month Plan;25;29/07/2021 04:39;;Índia
Ativo;27V91PR0;Complete Course | Power BI eXperience (Subscription);1 Month Plan;25;31/07/2021 07:07;;Índia
Ativo;LZ4TRDKW;Complete Course | Power BI eXperience (Subscription);3 Month Plan;57;02/08/2021 08:28;;Índia
Ativo;PCJ50WR3;Complete Course | Power BI eXperience (Subscription);1 Month Plan;25;02/08/2021 09:55;;Emirados Árabes Unidos
Cancelada pelo cliente;4M3B8Z90;Complete Course | Power BI eXperience (Subscription);3 Month Plan;57;02/08/2021 22:32;13/09/2021 22:32;Índia
Ativo;5BX14GKO;Complete Course | Power BI eXperience (Subscription);3 Month Plan;57;02/08/2021 22:50;;Camboja
Ativo;DRXTIKPB;Complete Course | Power BI eXperience (Subscription);3 Month Plan;57;03/08/2021 01:08;;Sri Lanka
Ativo;B4TPQ62G;Complete Course | Power BI eXperience (Subscription);1 Month Plan;25;03/08/2021 06:08;;Gana
Ativo;ZHL341S6;Complete Course | Power BI eXperience (Subscription);1 Month Plan;25;03/08/2021 15:48;;Índia
Ativo;GMRWNMGT;Complete Course | Power BI eXperience (Subscription);1 Month Plan;25;03/08/2021 17:16;;Moçambique
Ativo;O0WOM1CX;Complete Course | Power BI eXperience (Subscription);1 Month Plan;25;05/08/2021 00:49;;Estados Unidos
Ativo;C32GWVRU;Complete Course | Power BI eXperience (Subscription);1 Month Plan;25;05/08/2021 01:43;;Vietnã
Ativo;0JPRCBYI;Complete Course | Power BI eXperience (Subscription);3 Month Plan;57;05/08/2021 11:38;;Índia
Ativo;W6S18SLL;Complete Course | Power BI eXperience (Subscription);1 Month Plan;25;05/08/2021 13:52;;Espanha
Ativo;XI9PP7S2;Complete Course | Power BI eXperience (Subscription);1 Month Plan;25;05/08/2021 22:40;;Estados Unidos
Ativo;OP5O58A4;Complete Course | Power BI eXperience (Subscription);1 Month Plan;25;06/08/2021 11:22;;Índia
Ativo;4K3T6CSX;Complete Course | Power BI eXperience (Subscription);1 Month Plan;25;06/08/2021 11:42;;Índia
Ativo;ZGM1EOWU;Complete Course | Power BI eXperience (Subscription);3 Month Plan;57;07/08/2021 04:20;;Vietnã
Ativo;A4ECOD5S;Complete Course | Power BI eXperience (Subscription);3 Month Plan;57;09/08/2021 00:54;;Hong Kong
Ativo;GUQNE20I;Complete Course | Power BI eXperience (Subscription);1 Month Plan;25;09/08/2021 18:31;;Camarões
Ativo;XH0G6H1I;Complete Course | Power BI eXperience (Subscription);1 Month Plan;25;10/08/2021 11:55;;Bolívia
Ativo;ZIE79BXS;Complete Course | Power BI eXperience (Subscription);1 Month Plan;25;10/08/2021 16:05;;Estados Unidos
Ativo;6E1FD8YA;Complete Course | Power BI eXperience (Subscription);1 Month Plan;25;11/08/2021 09:27;;Austrália
Ativo;6AR2T7Z7;Complete Course | Power BI eXperience (Subscription);1 Month Plan;25;12/08/2021 07:56;;Índia
Cancelada pelo cliente;X7I7GDHZ;Complete Course | Power BI eXperience (Subscription);1 Month Plan;25;12/08/2021 09:48;23/09/2021 09:48;Índia
Ativo;UIWMHY3U;Complete Course | Power BI eXperience (Subscription);3 Month Plan;57;13/08/2021 08:27;;Índia
Ativo;E2NP4P6G;Complete Course | Power BI eXperience (Subscription);3 Month Plan;57;13/08/2021 13:46;;Arábia Saudita
Ativo;3LFIK217;Complete Course | Power BI eXperience (Subscription);1 Month Plan;25;14/08/2021 02:55;;Paquistão
Ativo;HN66BRQA;Complete Course | Power BI eXperience (Subscription);3 Month Plan;57;14/08/2021 13:54;;Gana
Ativo;D2IVASY7;Complete Course | Power BI eXperience (Subscription);3 Month Plan;57;15/08/2021 05:06;;Namíbia
Ativo;DCQPJHSN;Complete Course | Power BI eXperience (Subscription);1 Month Plan;25;16/08/2021 01:55;;Vietnã
Ativo;KUAL6FRA;Complete Course | Power BI eXperience (Subscription);1 Month Plan;25;16/08/2021 12:54;;Índia
Ativo;TKOH6QRN;Complete Course | Power BI eXperience (Subscription);3 Month Plan;57;16/08/2021 16:25;;Rússia
Ativo;LTHFM7HM;Complete Course | Power BI eXperience (Subscription);3 Month Plan;57;17/08/2021 00:17;;Índia
Ativo;6RFXZ3TQ;Complete Course | Power BI eXperience (Subscription);1 Month Plan;25;17/08/2021 01:18;;Índia
Ativo;CGT9GPW7;Complete Course | Power BI eXperience (Subscription);1 Month Plan;25;17/08/2021 08:47;;Índia
Ativo;KTMU1ZWM;Complete Course | Power BI eXperience (Subscription);3 Month Plan;57;17/08/2021 08:48;;Índia
Ativo;TQ77GUC3;Complete Course | Power BI eXperience (Subscription);3 Month Plan;57;18/08/2021 17:07;;Reino Unido
Ativo;LM44LL1R;Complete Course | Power BI eXperience (Subscription);1 Month Plan;25;19/08/2021 07:13;;Índia
Ativo;4089BQ79;Complete Course | Power BI eXperience (Subscription);1 Month Plan;25;19/08/2021 18:55;;Colômbia
Ativo;IGXA4H1H;Complete Course | Power BI eXperience (Subscription);1 Month Plan;25;20/08/2021 10:30;;Paquistão
Ativo;839PX184;Complete Course | Power BI eXperience (Subscription);1 Month Plan;25;20/08/2021 18:21;;Índia
Ativo;5Q0C59NC;Complete Course | Power BI eXperience (Subscription);1 Month Plan;25;21/08/2021 03:55;;Índia
Ativo;TVOGLTIY;Complete Course | Power BI eXperience (Subscription);1 Month Plan;25;21/08/2021 15:23;;Tanzânia
Ativo;BX9BZO3U;Complete Course | Power BI eXperience (Subscription);1 Month Plan;25;22/08/2021 06:51;;Índia
Ativo;1SBCS9EK;Complete Course | Power BI eXperience (Subscription);1 Month Plan;25;22/08/2021 11:23;;Polônia
Ativo;7KDOEJZZ;Complete Course | Power BI eXperience (Subscription);3 Month Plan;57;23/08/2021 12:43;;Territórios Palestinianos
Ativo;FN5NMOLJ;Complete Course | Power BI eXperience (Subscription);3 Month Plan;57;24/08/2021 02:41;;Estados Unidos
Ativo;UUU95IZU;Complete Course | Power BI eXperience (Subscription);1 Month Plan;25;24/08/2021 08:15;;Catar
Cancelada pelo cliente;X4W5L7RP;Complete Course | Power BI eXperience (Subscription);1 Month Plan;25;24/08/2021 11:06;05/10/2021 11:06;Nigéria
Ativo;DHXDW2RK;Complete Course | Power BI eXperience (Subscription);3 Month Plan;57;25/08/2021 23:30;;Índia
Ativo;6XZ2UWWR;Complete Course | Power BI eXperience (Subscription);3 Month Plan;57;26/08/2021 19:47;;Estados Unidos
Ativo;FMLYQ6ZT;Complete Course | Power BI eXperience (Subscription);1 Month Plan;25;27/08/2021 02:32;;Índia
Ativo;JTY9H94E;Complete Course | Power BI eXperience (Subscription);1 Month Plan;25;27/08/2021 05:39;;Itália
Ativo;AMPSEI6P;Complete Course | Power BI eXperience (Subscription);3 Month Plan;57;27/08/2021 10:33;;Índia
Ativo;EYH640J0;Complete Course | Power BI eXperience (Subscription);1 Month Plan;25;27/08/2021 10:59;;Reino Unido
Ativo;TRTO806S;Complete Course | Power BI eXperience (Subscription);3 Month Plan;57;27/08/2021 11:17;;Benin
Ativo;8NALOX5U;Complete Course | Power BI eXperience (Subscription);3 Month Plan;57;27/08/2021 17:07;;Portugal
Ativo;X6GFGF0J;Complete Course | Power BI eXperience (Subscription);3 Month Plan;57;30/08/2021 03:14;;Austrália
Ativo;HECG5NJR;Complete Course | Power BI eXperience (Subscription);1 Month Plan;25;30/08/2021 10:23;;Tunísia
Ativo;1GYQD9NI;Complete Course | Power BI eXperience (Subscription);1 Month Plan;25;02/09/2021 13:56;;Índia
Ativo;YODBK7JF;Complete Course | Power BI eXperience (Subscription);1 Month Plan;25;03/09/2021 06:27;;Espanha
Ativo;M60UDMGE;Complete Course | Power BI eXperience (Subscription);1 Month Plan;25;03/09/2021 08:36;;Índia
Cancelada pelo cliente;Y2MXRJI1;Complete Course | Power BI eXperience (Subscription);3 Month Plan;57;04/09/2021 00:02;16/10/2021 00:02;Canadá
Ativo;FRCECT41;Complete Course | Power BI eXperience (Subscription);3 Month Plan;57;06/09/2021 07:27;;Índia
Ativo;7943EXOF;Complete Course | Power BI eXperience (Subscription);3 Month Plan;57;06/09/2021 11:46;;Índia
Ativo;RUAZKDHB;Complete Course | Power BI eXperience (Subscription);3 Month Plan;57;06/09/2021 15:43;;Argélia
Ativo;C4U6S7NL;Complete Course | Power BI eXperience (Subscription);1 Month Plan;25;06/09/2021 18:22;;Reino Unido
Ativo;YPC2YCBC;Complete Course | Power BI eXperience (Subscription);1 Month Plan;25;07/09/2021 00:00;;Austrália
Ativo;CKGUQAEA;Complete Course | Power BI eXperience (Subscription);1 Month Plan;25;10/09/2021 04:15;;Índia
Ativo;ZJ5XHQ30;Complete Course | Power BI eXperience (Subscription);3 Month Plan;57;10/09/2021 18:45;;Alemanha
Ativo;G734XB1F;Complete Course | Power BI eXperience (Subscription);3 Month Plan;57;11/09/2021 16:20;;Alemanha
Ativo;7YZU4B76;Complete Course | Power BI eXperience (Subscription);1 Month Plan;25;11/09/2021 19:09;;Austrália
Ativo;44F6F368;Complete Course | Power BI eXperience (Subscription);1 Month Plan;25;12/09/2021 10:03;;Índia
Ativo;OD8G5U7N;Complete Course | Power BI eXperience (Subscription);1 Month Plan;25;12/09/2021 19:21;;Egito
Ativo;ES2DACP5;Complete Course | Power BI eXperience (Subscription);1 Month Plan;25;13/09/2021 14:41;;República Dominicana
Ativo;Z6R6Y0P0;Complete Course | Power BI eXperience (Subscription);3 Month Plan;57;14/09/2021 04:46;;Brasil
Ativo;G5H381ZT;Complete Course | Power BI eXperience (Subscription);1 Month Plan;25;14/09/2021 09:55;;Índia
Ativo;LJWK6MHY;Complete Course | Power BI eXperience (Subscription);1 Month Plan;25;15/09/2021 11:24;;Brasil
Ativo;KVUNAIME;Complete Course | Power BI eXperience (Subscription);3 Month Plan;57;16/09/2021 04:22;;Índia
Ativo;I8BVZ2XH;Complete Course | Power BI eXperience (Subscription);1 Month Plan;25;17/09/2021 03:49;;Índia
Ativo;H636S946;Complete Course | Power BI eXperience (Subscription);1 Month Plan;25;17/09/2021 07:59;;Índia
Ativo;HOH2QFYF;Complete Course | Power BI eXperience (Subscription);1 Month Plan;25;18/09/2021 09:10;;Índia
Cancelada pelo cliente;6TOT9US3;Complete Course | Power BI eXperience (Subscription);1 Month Plan;25;18/09/2021 23:11;30/10/2021 23:11;Canadá
Ativo;QWLBTJUN;Complete Course | Power BI eXperience (Subscription);3 Month Plan;57;19/09/2021 10:39;;Índia
Ativo;ZNQUEUJJ;Complete Course | Power BI eXperience (Subscription);1 Month Plan;25;20/09/2021 04:56;;Bangladesh
Ativo;0WNTE205;Complete Course | Power BI eXperience (Subscription);1 Month Plan;25;28/09/2021 12:47;;Índia
Ativo;JH40MPLH;Complete Course | Power BI eXperience (Subscription);1 Month Plan;25;05/10/2021 14:17;;Libéria
Ativo;KUXGBL07;Complete Course | Power BI eXperience (Subscription);1 Month Plan;25;06/10/2021 08:33;;Índia
Ativo;YVWHDUGC;Complete Course | Power BI eXperience (Subscription);1 Month Plan;25;08/10/2021 07:51;;Ucrânia
Ativo;HTGRDLDE;Complete Course | Power BI eXperience (Subscription);1 Month Plan;25;08/10/2021 14:42;;Índia
Ativo;9LU0B02G;Complete Course | Power BI eXperience (Subscription);1 Month Plan;25;11/10/2021 10:36;;Índia
Ativo;20924T9M;Complete Course | Power BI eXperience (Subscription);1 Month Plan;25;11/10/2021 10:52;;Albânia
Ativo;W407I2MN;Complete Course | Power BI eXperience (Subscription);1 Month Plan;25;11/10/2021 10:53;;Territórios Palestinianos
Ativo;1IXL63AA;Complete Course | Power BI eXperience (Subscription);1 Month Plan;25;11/10/2021 15:34;;Níger
Cancelada pelo cliente;16L0DG3R;Complete Course | Power BI eXperience (Subscription);1 Month Plan;25;11/10/2021 17:20;23/10/2021 17:20;Arábia Saudita
Ativo;UDCVDEJ5;Complete Course | Power BI eXperience (Subscription);1 Month Plan;25;11/10/2021 18:22;;Brasil
Ativo;OGW6R0OI;Complete Course | Power BI eXperience (Subscription);1 Month Plan;25;11/10/2021 19:20;;Bolívia
Ativo;2BM2I19J;Complete Course | Power BI eXperience (Subscription);1 Month Plan;25;12/10/2021 00:56;;Turcomenistão
Ativo;AH8OT4R8;Complete Course | Power BI eXperience (Subscription);1 Month Plan;25;12/10/2021 01:11;;Malásia
Ativo;LDE6AL1T;Complete Course | Power BI eXperience (Subscription);1 Month Plan;25;12/10/2021 02:28;;Índia
Ativo;QY1QET9W;Complete Course | Power BI eXperience (Subscription);1 Month Plan;25;12/10/2021 16:30;;Estados Unidos
Ativo;012YZ71U;Complete Course | Power BI eXperience (Subscription);1 Month Plan;25;13/10/2021 02:59;;Índia
Ativo;3E0UBJNS;Complete Course | Power BI eXperience (Subscription);1 Month Plan;25;13/10/2021 04:11;;Paquistão
Ativo;508HRRRT;Complete Course | Power BI eXperience (Subscription);1 Month Plan;25;13/10/2021 05:38;;Índia
Cancelada pelo cliente;V76RCIWC;Complete Course | Power BI eXperience (Subscription);1 Month Plan;25;13/10/2021 07:00;08/11/2021 04:08;Índia
Ativo;5Q7BNI2Y;Complete Course | Power BI eXperience (Subscription);1 Month Plan;25;13/10/2021 12:13;;Canadá
Ativo;FI2LLOVK;Complete Course | Power BI eXperience (Subscription);1 Month Plan;25;14/10/2021 02:35;;Índia
Ativo;EAP1YGWA;Complete Course | Power BI eXperience (Subscription);1 Month Plan;25;16/10/2021 00:36;;Índia
Ativo;H0IWA76D;Complete Course | Power BI eXperience (Subscription);1 Month Plan;25;16/10/2021 05:20;;Índia
Ativo;R408C34N;Complete Course | Power BI eXperience (Subscription);1 Month Plan;25;16/10/2021 05:46;;Quénia
Ativo;8AN14EAB;Complete Course | Power BI eXperience (Subscription);1 Month Plan;25;17/10/2021 08:59;;Georgia
Ativo;TRS2COG6;Complete Course | Power BI eXperience (Subscription);1 Month Plan;25;18/10/2021 08:39;;Malásia
Ativo;C2OTZLB2;Complete Course | Power BI eXperience (Subscription);1 Month Plan;25;18/10/2021 09:54;;Turquia
Ativo;ZN7MIR5O;Complete Course | Power BI eXperience (Subscription);1 Month Plan;25;19/10/2021 07:48;;Malásia
Ativo;PY21CDJY;Complete Course | Power BI eXperience (Subscription);1 Month Plan;25;21/10/2021 06:53;;Brasil
Ativo;ZAH054UM;Complete Course | Power BI eXperience (Subscription);1 Month Plan;25;21/10/2021 17:45;;Reino Unido
Ativo;LVNMESFY;Complete Course | Power BI eXperience (Subscription);1 Month Plan;25;21/10/2021 17:51;;Nigéria
Ativo;L4UGGH6J;Complete Course | Power BI eXperience (Subscription);1 Month Plan;25;22/10/2021 19:17;;Canadá
Ativo;4HTXDFI1;Complete Course | Power BI eXperience (Subscription);1 Month Plan;25;25/10/2021 05:22;;Estados Unidos
Ativo;7AZP9GOK;Complete Course | Power BI eXperience (Subscription);1 Month Plan;25;26/10/2021 10:03;;Brasil
Ativo;0HKPN891;Complete Course | Power BI eXperience (Subscription);1 Month Plan;25;27/10/2021 01:52;;Bulgária
Ativo;BR24KFG5;Complete Course | Power BI eXperience (Subscription);1 Month Plan;25;30/10/2021 19:02;;Grécia
Ativo;LE56YSLB;Complete Course | Power BI eXperience (Subscription);1 Month Plan;25;31/10/2021 16:18;;Estados Unidos
Ativo;GHPCLRW6;Complete Course | Power BI eXperience (Subscription);1 Month Plan;25;02/11/2021 15:10;;Índia
Ativo;5V0IL4TC;Complete Course | Power BI eXperience (Subscription);1 Month Plan;25;06/11/2021 17:44;;França
Ativo;XLW64EEE;Complete Course | Power BI eXperience (Subscription);1 Month Plan;25;09/11/2021 15:39;;Bangladesh
